<?xml version="1.0" encoding="UTF-8"?>
<!DOCTYPE beans PUBLIC 
"-//SPRING//DTD BEAN//EN" 
"http://www.springframework.org/dtd/spring-beans.dtd">
<beans>
	<bean id="beanSakshi" class="com.java.spr.Person">
		<property name="id" value="1"/>
		<property name="name" value="Sakshi Jathar"/>
		<property name="jobDetails" ref="beanJobDetails" />
		<property name="familyDetails">
			<bean class="com.java.spr.Family">
				<property name="city" value="Jaipur"/>
				<property name="state" value="Gujarath"/>
			</bean>
		</property>
	</bean>
	
		<bean id="beanAseem" class="com.java.spr.Person">
		<property name="id" value="3"/>
		<property name="name" value="Aseem Suri"/>
		<property name="jobDetails" ref="beanJobDetails" />
		<property name="familyDetails">
			<bean class="com.java.spr.Family">
				<property name="city" value="Jammu"/>
				<property name="state" value="JK"/>
			</bean>
		</property>
	</bean>
	
		<bean id="beanSowmya" class="com.java.spr.Person">
		<property name="id" value="4"/>
		<property name="name" value="Sowmya Thipparam"/>
		<property name="jobDetails" ref="beanJobDetails" />
		<property name="familyDetails">
			<bean class="com.java.spr.Family">
				<property name="city" value="Hydereabad"/>
				<property name="state" value="TS"/>
			</bean>
		</property>
	</bean>
	
	<bean id="beanJobDetails" class="com.java.spr.JobDetails">
				<property name="job" value="Software Engineer"/>
				<property name="company" value="Mphasis"/>
				<property name="location" value="Bangalore"/>
			</bean>
</beans>