<?xml version="1.0" encoding="UTF-8"?>
<!DOCTYPE beans PUBLIC "-//SPRING//DTD BEAN//EN" 
"http://www.springframework.org/dtd/spring-beans.dtd">
<beans>
	<bean id="ds" class="org.springframework.jdbc.datasource.DriverManagerDataSource">
			<property name="driverClassName" value="oracle.jdbc.driver.OracleDriver" />
 			<property name="url" value="jdbc:oracle:thin:@localhost:1521:orcl"/>
 			<property name="username" value="prasanna" />
 			<property name="password" value="prasanna" />
	</bean>
	<bean id="jdbctemp" class="org.springframework.jdbc.core.JdbcTemplate">
		<property name="dataSource" ref="ds"/>
	</bean>
	
	<bean id="employDao" class="com.java.spring.EmployDAO">
		<property name="jdbcTemplate" ref="jdbctemp"/>
	</bean>
</beans>