<?xml version="1.0" encoding="UTF-8"?>
<beans xmlns = "http://www.springframework.org/schema/beans"
   xmlns:xsi = "http://www.w3.org/2001/XMLSchema-instance"
   xmlns:context = "http://www.springframework.org/schema/context"
   xsi:schemaLocation = "http://www.springframework.org/schema/beans
   http://www.springframework.org/schema/beans/spring-beans.xsd
   http://www.springframework.org/schema/context
   http://www.springframework.org/schema/context/spring-context.xsd">

   <context:annotation-config/>
   	<bean id="beanSakshi" class="com.java.spr.Person">
		<property name="id" value="1"/>
		<property name="name" value="Sakshi Jathar"/>
		<property name="familyDetails">
			<bean class="com.java.spr.Family">
				<property name="city" value="Jaipur"/>
				<property name="state" value="Gujarath"/>
			</bean>
		</property>
	</bean>
	
		<bean id="beanAseem" class="com.java.spr.Person">
		<property name="id" value="3"/>
		<property name="name" value="Aseem Suri"/>
		<property name="familyDetails">
			<bean class="com.java.spr.Family">
				<property name="city" value="Jammu"/>
				<property name="state" value="JK"/>
			</bean>
		</property>
	</bean>
	
		<bean id="beanSowmya" class="com.java.spr.Person">
		<property name="id" value="4"/>
		<property name="name" value="Sowmya Thipparam"/>
		<property name="familyDetails">
			<bean class="com.java.spr.Family">
				<property name="city" value="Hydereabad"/>
				<property name="state" value="TS"/>
			</bean>
		</property>
	</bean>
	
	<bean id="jobDetails" class="com.java.spr.JobDetails">
				<property name="job" value="Software Engineer"/>
				<property name="company" value="Mphasis"/>
				<property name="location" value="Bangalore"/>
			</bean>
</beans>